ag,date,logs
GA_ATL_SNELLVILLE_E,2019-02-25,"[{'technicianId': 'PR234E', 'loadType': 'SOFT', 'wrid': 135880299, 'status': 'Error', 'message': 'The processing of the request failed. javax.xml.bind.UnmarshalException\n - with linked exception:\n[org.xml.sax.SAXParseException: cvc-complex-type.2.4.b: The content of element \'job:JobIdWithTS\' is not complete. One of \'{""http://www.telcordia.com/RM-WorkforceManagement/Job/v1"":Timestamp}\' is expected.]'}, {'technicianId': 'JW854A', 'loadType': 'SOFT', 'wrid': 135154085, 'status': 'Error', 'message': 'The processing of the request failed. javax.xml.bind.UnmarshalException\n - with linked exception:\n[org.xml.sax.SAXParseException: cvc-complex-type.2.4.b: The content of element \'job:JobIdWithTS\' is not complete. One of \'{""http://www.telcordia.com/RM-WorkforceManagement/Job/v1"":Timestamp}\' is expected.]'}, {'technicianId': 'TM008Y', 'loadType': 'SOFT', 'wrid': 135852467, 'status': 'Error', 'message': 'The processing of the request failed. javax.xml.bind.UnmarshalException\n - with linked exception:\n[org.xml.sax.SAXParseException: cvc-complex-type.2.4.b: The content of element \'job:JobIdWithTS\' is not complete. One of \'{""http://www.telcordia.com/RM-WorkforceManagement/Job/v1"":Timestamp}\' is expected.]'}]"
GA_ATL_LAWRENCEVLE_E,2019-02-25,"[{'technicianId': 'RL2558', 'loadType': 'SOFT', 'wrid': 135881107, 'status': 'Error', 'message': 'The processing of the request failed. javax.xml.bind.UnmarshalException\n - with linked exception:\n[org.xml.sax.SAXParseException: cvc-complex-type.2.4.b: The content of element \'job:JobIdWithTS\' is not complete. One of \'{""http://www.telcordia.com/RM-WorkforceManagement/Job/v1"":Timestamp}\' is expected.]'}]"
GA_ATL_MARIETTA_E,2019-02-25,"[{'technicianId': 'WM530K', 'loadType': 'SOFT', 'wrid': 135773655, 'status': 'Error', 'message': 'The processing of the request failed. javax.xml.bind.UnmarshalException\n - with linked exception:\n[org.xml.sax.SAXParseException: cvc-complex-type.2.4.b: The content of element \'job:JobIdWithTS\' is not complete. One of \'{""http://www.telcordia.com/RM-WorkforceManagement/Job/v1"":Timestamp}\' is expected.]'}]"
GA_ATL_DOUGLASVLE_E,2019-02-25,"[{'technicianId': 'JS303R', 'loadType': 'SOFT', 'wrid': 135776430, 'status': 'Error', 'message': 'The processing of the request failed. javax.xml.bind.UnmarshalException\n - with linked exception:\n[org.xml.sax.SAXParseException: cvc-complex-type.2.4.b: The content of element \'job:JobIdWithTS\' is not complete. One of \'{""http://www.telcordia.com/RM-WorkforceManagement/Job/v1"":Timestamp}\' is expected.]'}, {'technicianId': 'DS2903', 'loadType': 'SOFT', 'wrid': 135900518, 'status': 'Error', 'message': 'The processing of the request failed. javax.xml.bind.UnmarshalException\n - with linked exception:\n[org.xml.sax.SAXParseException: cvc-complex-type.2.4.b: The content of element \'job:JobIdWithTS\' is not complete. One of \'{""http://www.telcordia.com/RM-WorkforceManagement/Job/v1"":Timestamp}\' is expected.]'}, {'technicianId': 'CB823P', 'loadType': 'SOFT', 'wrid': 134609746, 'status': 'Error', 'message': 'The processing of the request failed. javax.xml.bind.UnmarshalException\n - with linked exception:\n[org.xml.sax.SAXParseException: cvc-complex-type.2.4.b: The content of element \'job:JobIdWithTS\' is not complete. One of \'{""http://www.telcordia.com/RM-WorkforceManagement/Job/v1"":Timestamp}\' is expected.]'}, {'technicianId': 'AA500R', 'loadType': 'SOFT', 'wrid': 135879232, 'status': 'Error', 'message': 'The processing of the request failed. javax.xml.bind.UnmarshalException\n - with linked exception:\n[org.xml.sax.SAXParseException: cvc-complex-type.2.4.b: The content of element \'job:JobIdWithTS\' is not complete. One of \'{""http://www.telcordia.com/RM-WorkforceManagement/Job/v1"":Timestamp}\' is expected.]'}]"
GA_ATL_ALPHARETTA_E,2019-02-25,[]
GA_ATL_WOODSTOCK_E,2019-02-25,"[{'technicianId': 'EB8068', 'loadType': 'SOFT', 'wrid': 135870134, 'status': 'Error', 'message': 'The processing of the request failed. javax.xml.bind.UnmarshalException\n - with linked exception:\n[org.xml.sax.SAXParseException: cvc-complex-type.2.4.b: The content of element \'job:JobIdWithTS\' is not complete. One of \'{""http://www.telcordia.com/RM-WorkforceManagement/Job/v1"":Timestamp}\' is expected.]'}, {'technicianId': 'DO873N', 'loadType': 'SOFT', 'wrid': 135930875, 'status': 'Error', 'message': 'The processing of the request failed. javax.xml.bind.UnmarshalException\n - with linked exception:\n[org.xml.sax.SAXParseException: cvc-complex-type.2.4.b: The content of element \'job:JobIdWithTS\' is not complete. One of \'{""http://www.telcordia.com/RM-WorkforceManagement/Job/v1"":Timestamp}\' is expected.]'}, {'technicianId': 'DF549X', 'loadType': 'SOFT', 'wrid': 135945193, 'status': 'Error', 'message': 'The processing of the request failed. javax.xml.bind.UnmarshalException\n - with linked exception:\n[org.xml.sax.SAXParseException: cvc-complex-type.2.4.b: The content of element \'job:JobIdWithTS\' is not complete. One of \'{""http://www.telcordia.com/RM-WorkforceManagement/Job/v1"":Timestamp}\' is expected.]'}, {'technicianId': 'JM181Y', 'loadType': 'SOFT', 'wrid': 135879850, 'status': 'Error', 'message': 'The processing of the request failed. javax.xml.bind.UnmarshalException\n - with linked exception:\n[org.xml.sax.SAXParseException: cvc-complex-type.2.4.b: The content of element \'job:JobIdWithTS\' is not complete. One of \'{""http://www.telcordia.com/RM-WorkforceManagement/Job/v1"":Timestamp}\' is expected.]'}, {'technicianId': 'JD738V', 'loadType': 'SOFT', 'wrid': 135475552, 'status': 'Error', 'message': 'The processing of the request failed. javax.xml.bind.UnmarshalException\n - with linked exception:\n[org.xml.sax.SAXParseException: cvc-complex-type.2.4.b: The content of element \'job:JobIdWithTS\' is not complete. One of \'{""http://www.telcordia.com/RM-WorkforceManagement/Job/v1"":Timestamp}\' is expected.]'}, {'technicianId': 'RC787E', 'loadType': 'SOFT', 'wrid': 135886249, 'status': 'Error', 'message': 'The processing of the request failed. javax.xml.bind.UnmarshalException\n - with linked exception:\n[org.xml.sax.SAXParseException: cvc-complex-type.2.4.b: The content of element \'job:JobIdWithTS\' is not complete. One of \'{""http://www.telcordia.com/RM-WorkforceManagement/Job/v1"":Timestamp}\' is expected.]'}, {'technicianId': 'JG167D', 'loadType': 'SOFT', 'wrid': 135962820, 'status': 'Error', 'message': 'The processing of the request failed. javax.xml.bind.UnmarshalException\n - with linked exception:\n[org.xml.sax.SAXParseException: cvc-complex-type.2.4.b: The content of element \'job:JobIdWithTS\' is not complete. One of \'{""http://www.telcordia.com/RM-WorkforceManagement/Job/v1"":Timestamp}\' is expected.]'}]"
FL_WEST_DADE_T,2019-03-06,[]
GA_ATL_CONYERS_E,2019-03-06,"[{'technicianId': 'AD1667', 'loadType': 'SOFT', 'wrid': 136254571, 'status': 'Error', 'message': 'The processing of the request failed. javax.xml.bind.UnmarshalException\n - with linked exception:\n[org.xml.sax.SAXParseException: cvc-complex-type.2.4.b: The content of element \'job:JobIdWithTS\' is not complete. One of \'{""http://www.telcordia.com/RM-WorkforceManagement/Job/v1"":Timestamp}\' is expected.]'}, {'technicianId': 'KM791C', 'loadType': 'SOFT', 'wrid': 136073987, 'status': 'Error', 'message': 'The processing of the request failed. javax.xml.bind.UnmarshalException\n - with linked exception:\n[org.xml.sax.SAXParseException: cvc-complex-type.2.4.b: The content of element \'job:JobIdWithTS\' is not complete. One of \'{""http://www.telcordia.com/RM-WorkforceManagement/Job/v1"":Timestamp}\' is expected.]'}, {'technicianId': 'PW9596', 'loadType': 'SOFT', 'wrid': 136144791, 'status': 'Error', 'message': 'The processing of the request failed. javax.xml.bind.UnmarshalException\n - with linked exception:\n[org.xml.sax.SAXParseException: cvc-complex-type.2.4.b: The content of element \'job:JobIdWithTS\' is not complete. One of \'{""http://www.telcordia.com/RM-WorkforceManagement/Job/v1"":Timestamp}\' is expected.]'}, {'technicianId': 'PN394R', 'loadType': 'SOFT', 'wrid': 136144610, 'status': 'Error', 'message': 'The processing of the request failed. javax.xml.bind.UnmarshalException\n - with linked exception:\n[org.xml.sax.SAXParseException: cvc-complex-type.2.4.b: The content of element \'job:JobIdWithTS\' is not complete. One of \'{""http://www.telcordia.com/RM-WorkforceManagement/Job/v1"":Timestamp}\' is expected.]'}, {'technicianId': 'ES882E', 'loadType': 'SOFT', 'wrid': 136112880, 'status': 'Error', 'message': 'The processing of the request failed. javax.xml.bind.UnmarshalException\n - with linked exception:\n[org.xml.sax.SAXParseException: cvc-complex-type.2.4.b: The content of element \'job:JobIdWithTS\' is not complete. One of \'{""http://www.telcordia.com/RM-WorkforceManagement/Job/v1"":Timestamp}\' is expected.]'}]"
GA_ATL_EAST_T,2019-03-21,"[{'technicianId': 'JH6567', 'loadType': 'SOFT', 'wrid': 136773092, 'status': 'Error', 'message': 'The processing of the request failed. javax.xml.bind.UnmarshalException\n - with linked exception:\n[org.xml.sax.SAXParseException: cvc-complex-type.2.4.b: The content of element \'job:JobIdWithTS\' is not complete. One of \'{""http://www.telcordia.com/RM-WorkforceManagement/Job/v1"":Timestamp}\' is expected.]'}, {'technicianId': 'JC4337', 'loadType': 'SOFT', 'wrid': 136482631, 'status': 'Error', 'message': 'The processing of the request failed. javax.xml.bind.UnmarshalException\n - with linked exception:\n[org.xml.sax.SAXParseException: cvc-complex-type.2.4.b: The content of element \'job:JobIdWithTS\' is not complete. One of \'{""http://www.telcordia.com/RM-WorkforceManagement/Job/v1"":Timestamp}\' is expected.]'}, {'technicianId': 'AA8108', 'loadType': 'SOFT', 'wrid': 136633182, 'status': 'Error', 'message': 'The processing of the request failed. javax.xml.bind.UnmarshalException\n - with linked exception:\n[org.xml.sax.SAXParseException: cvc-complex-type.2.4.b: The content of element \'job:JobIdWithTS\' is not complete. One of \'{""http://www.telcordia.com/RM-WorkforceManagement/Job/v1"":Timestamp}\' is expected.]'}]"
LA_MS_NORTH_E,2019-03-29,"[{'technicianId': 'WB940Y', 'loadType': 'SOFT', 'wrid': 137054347, 'status': 'Error', 'message': 'The processing of the request failed. javax.xml.bind.UnmarshalException\n - with linked exception:\n[org.xml.sax.SAXParseException: cvc-complex-type.2.4.b: The content of element \'job:JobIdWithTS\' is not complete. One of \'{""http://www.telcordia.com/RM-WorkforceManagement/Job/v1"":Timestamp}\' is expected.]'}, {'technicianId': 'CE410T', 'loadType': 'SOFT', 'wrid': 136879520, 'status': 'Error', 'message': 'The processing of the request failed. javax.xml.bind.UnmarshalException\n - with linked exception:\n[org.xml.sax.SAXParseException: cvc-complex-type.2.4.b: The content of element \'job:JobIdWithTS\' is not complete. One of \'{""http://www.telcordia.com/RM-WorkforceManagement/Job/v1"":Timestamp}\' is expected.]'}, {'technicianId': 'DT811Q', 'loadType': 'SOFT', 'wrid': 136872439, 'status': 'Error', 'message': 'The processing of the request failed. javax.xml.bind.UnmarshalException\n - with linked exception:\n[org.xml.sax.SAXParseException: cvc-complex-type.2.4.b: The content of element \'job:JobIdWithTS\' is not complete. One of \'{""http://www.telcordia.com/RM-WorkforceManagement/Job/v1"":Timestamp}\' is expected.]'}, {'technicianId': 'JM480R', 'loadType': 'SOFT', 'wrid': 137159048, 'status': 'Error', 'message': 'The processing of the request failed. javax.xml.bind.UnmarshalException\n - with linked exception:\n[org.xml.sax.SAXParseException: cvc-complex-type.2.4.b: The content of element \'job:JobIdWithTS\' is not complete. One of \'{""http://www.telcordia.com/RM-WorkforceManagement/Job/v1"":Timestamp}\' is expected.]'}, {'technicianId': 'HW188J', 'loadType': 'SOFT', 'wrid': 137101617, 'status': 'Error', 'message': 'The processing of the request failed. javax.xml.bind.UnmarshalException\n - with linked exception:\n[org.xml.sax.SAXParseException: cvc-complex-type.2.4.b: The content of element \'job:JobIdWithTS\' is not complete. One of \'{""http://www.telcordia.com/RM-WorkforceManagement/Job/v1"":Timestamp}\' is expected.]'}]"
TX_CENTRAL_HOUSTON_T,2019-04-03,"[{'technicianId': 'JG0924', 'loadType': 'SOFT', 'wrid': 100379311, 'status': 'Error', 'message': 'The processing of the request failed. javax.xml.bind.UnmarshalException\n - with linked exception:\n[org.xml.sax.SAXParseException: cvc-complex-type.2.4.b: The content of element \'job:JobIdWithTS\' is not complete. One of \'{""http://www.telcordia.com/RM-WorkforceManagement/Job/v1"":Timestamp}\' is expected.]'}, {'technicianId': 'JC6542', 'loadType': 'SOFT', 'wrid': 100426360, 'status': 'Error', 'message': 'The processing of the request failed. javax.xml.bind.UnmarshalException\n - with linked exception:\n[org.xml.sax.SAXParseException: cvc-complex-type.2.4.b: The content of element \'job:JobIdWithTS\' is not complete. One of \'{""http://www.telcordia.com/RM-WorkforceManagement/Job/v1"":Timestamp}\' is expected.]'}, {'technicianId': 'QW475Y', 'loadType': 'SOFT', 'wrid': 100259593, 'status': 'Error', 'message': 'The processing of the request failed. javax.xml.bind.UnmarshalException\n - with linked exception:\n[org.xml.sax.SAXParseException: cvc-complex-type.2.4.b: The content of element \'job:JobIdWithTS\' is not complete. One of \'{""http://www.telcordia.com/RM-WorkforceManagement/Job/v1"":Timestamp}\' is expected.]'}, {'technicianId': 'HB1829', 'loadType': 'SOFT', 'wrid': 100283491, 'status': 'Error', 'message': 'The processing of the request failed. javax.xml.bind.UnmarshalException\n - with linked exception:\n[org.xml.sax.SAXParseException: cvc-complex-type.2.4.b: The content of element \'job:JobIdWithTS\' is not complete. One of \'{""http://www.telcordia.com/RM-WorkforceManagement/Job/v1"":Timestamp}\' is expected.]'}, {'technicianId': 'SH5545', 'loadType': 'SOFT', 'wrid': 100342719, 'status': 'Error', 'message': 'The processing of the request failed. javax.xml.bind.UnmarshalException\n - with linked exception:\n[org.xml.sax.SAXParseException: cvc-complex-type.2.4.b: The content of element \'job:JobIdWithTS\' is not complete. One of \'{""http://www.telcordia.com/RM-WorkforceManagement/Job/v1"":Timestamp}\' is expected.]'}, {'technicianId': 'JD9833', 'loadType': 'SOFT', 'wrid': 100447804, 'status': 'Error', 'message': 'The processing of the request failed. javax.xml.bind.UnmarshalException\n - with linked exception:\n[org.xml.sax.SAXParseException: cvc-complex-type.2.4.b: The content of element \'job:JobIdWithTS\' is not complete. One of \'{""http://www.telcordia.com/RM-WorkforceManagement/Job/v1"":Timestamp}\' is expected.]'}, {'technicianId': 'TC616V', 'loadType': 'SOFT', 'wrid': 200785954, 'status': 'Error', 'message': 'The processing of the request failed. javax.xml.bind.UnmarshalException\n - with linked exception:\n[org.xml.sax.SAXParseException: cvc-complex-type.2.4.b: The content of element \'job:JobIdWithTS\' is not complete. One of \'{""http://www.telcordia.com/RM-WorkforceManagement/Job/v1"":Timestamp}\' is expected.]'}]"
TX_WEST_HOUSTON_T,2019-04-03,"[{'technicianId': 'JI2463', 'loadType': 'SOFT', 'wrid': 100298133, 'status': 'Error', 'message': 'The processing of the request failed. javax.xml.bind.UnmarshalException\n - with linked exception:\n[org.xml.sax.SAXParseException: cvc-complex-type.2.4.b: The content of element \'job:JobIdWithTS\' is not complete. One of \'{""http://www.telcordia.com/RM-WorkforceManagement/Job/v1"":Timestamp}\' is expected.]'}]"
TX_BEAUMONT_T,2019-04-03,"[{'technicianId': 'LA3746', 'loadType': 'SOFT', 'wrid': 100267602, 'status': 'Error', 'message': 'The processing of the request failed. javax.xml.bind.UnmarshalException\n - with linked exception:\n[org.xml.sax.SAXParseException: cvc-complex-type.2.4.b: The content of element \'job:JobIdWithTS\' is not complete. One of \'{""http://www.telcordia.com/RM-WorkforceManagement/Job/v1"":Timestamp}\' is expected.]'}, {'technicianId': 'SC2355', 'loadType': 'SOFT', 'wrid': 100366442, 'status': 'Error', 'message': 'The processing of the request failed. javax.xml.bind.UnmarshalException\n - with linked exception:\n[org.xml.sax.SAXParseException: cvc-complex-type.2.4.b: The content of element \'job:JobIdWithTS\' is not complete. One of \'{""http://www.telcordia.com/RM-WorkforceManagement/Job/v1"":Timestamp}\' is expected.]'}, {'technicianId': 'CJ9713', 'loadType': 'SOFT', 'wrid': 100382626, 'status': 'Error', 'message': 'The processing of the request failed. javax.xml.bind.UnmarshalException\n - with linked exception:\n[org.xml.sax.SAXParseException: cvc-complex-type.2.4.b: The content of element \'job:JobIdWithTS\' is not complete. One of \'{""http://www.telcordia.com/RM-WorkforceManagement/Job/v1"":Timestamp}\' is expected.]'}, {'technicianId': 'RS5296', 'loadType': 'SOFT', 'wrid': 100332795, 'status': 'Error', 'message': 'The processing of the request failed. javax.xml.bind.UnmarshalException\n - with linked exception:\n[org.xml.sax.SAXParseException: cvc-complex-type.2.4.b: The content of element \'job:JobIdWithTS\' is not complete. One of \'{""http://www.telcordia.com/RM-WorkforceManagement/Job/v1"":Timestamp}\' is expected.]'}, {'technicianId': 'GC318C', 'loadType': 'SOFT', 'wrid': 100427434, 'status': 'Error', 'message': 'The processing of the request failed. javax.xml.bind.UnmarshalException\n - with linked exception:\n[org.xml.sax.SAXParseException: cvc-complex-type.2.4.b: The content of element \'job:JobIdWithTS\' is not complete. One of \'{""http://www.telcordia.com/RM-WorkforceManagement/Job/v1"":Timestamp}\' is expected.]'}, {'technicianId': 'PS5380', 'loadType': 'SOFT', 'wrid': 100417078, 'status': 'Error', 'message': 'The processing of the request failed. javax.xml.bind.UnmarshalException\n - with linked exception:\n[org.xml.sax.SAXParseException: cvc-complex-type.2.4.b: The content of element \'job:JobIdWithTS\' is not complete. One of \'{""http://www.telcordia.com/RM-WorkforceManagement/Job/v1"":Timestamp}\' is expected.]'}, {'technicianId': 'MM0398', 'loadType': 'SOFT', 'wrid': 100326600, 'status': 'Error', 'message': 'The processing of the request failed. javax.xml.bind.UnmarshalException\n - with linked exception:\n[org.xml.sax.SAXParseException: cvc-complex-type.2.4.b: The content of element \'job:JobIdWithTS\' is not complete. One of \'{""http://www.telcordia.com/RM-WorkforceManagement/Job/v1"":Timestamp}\' is expected.]'}, {'technicianId': 'TR6049', 'loadType': 'SOFT', 'wrid': 100371221, 'status': 'Error', 'message': 'The processing of the request failed. javax.xml.bind.UnmarshalException\n - with linked exception:\n[org.xml.sax.SAXParseException: cvc-complex-type.2.4.b: The content of element \'job:JobIdWithTS\' is not complete. One of \'{""http://www.telcordia.com/RM-WorkforceManagement/Job/v1"":Timestamp}\' is expected.]'}, {'technicianId': 'DK387J', 'loadType': 'SOFT', 'wrid': 100349741, 'status': 'Error', 'message': 'The processing of the request failed. javax.xml.bind.UnmarshalException\n - with linked exception:\n[org.xml.sax.SAXParseException: cvc-complex-type.2.4.b: The content of element \'job:JobIdWithTS\' is not complete. One of \'{""http://www.telcordia.com/RM-WorkforceManagement/Job/v1"":Timestamp}\' is expected.]'}, {'technicianId': 'RS4407', 'loadType': 'SOFT', 'wrid': 100404305, 'status': 'Error', 'message': 'The processing of the request failed. javax.xml.bind.UnmarshalException\n - with linked exception:\n[org.xml.sax.SAXParseException: cvc-complex-type.2.4.b: The content of element \'job:JobIdWithTS\' is not complete. One of \'{""http://www.telcordia.com/RM-WorkforceManagement/Job/v1"":Timestamp}\' is expected.]'}, {'technicianId': 'RV4275', 'loadType': 'SOFT', 'wrid': 100233484, 'status': 'Error', 'message': 'The processing of the request failed. javax.xml.bind.UnmarshalException\n - with linked exception:\n[org.xml.sax.SAXParseException: cvc-complex-type.2.4.b: The content of element \'job:JobIdWithTS\' is not complete. One of \'{""http://www.telcordia.com/RM-WorkforceManagement/Job/v1"":Timestamp}\' is expected.]'}, {'technicianId': 'RV2181', 'loadType': 'SOFT', 'wrid': 100437223, 'status': 'Error', 'message': 'The processing of the request failed. javax.xml.bind.UnmarshalException\n - with linked exception:\n[org.xml.sax.SAXParseException: cvc-complex-type.2.4.b: The content of element \'job:JobIdWithTS\' is not complete. One of \'{""http://www.telcordia.com/RM-WorkforceManagement/Job/v1"":Timestamp}\' is expected.]'}, {'technicianId': 'CF9283', 'loadType': 'SOFT', 'wrid': 100416528, 'status': 'Error', 'message': 'The processing of the request failed. javax.xml.bind.UnmarshalException\n - with linked exception:\n[org.xml.sax.SAXParseException: cvc-complex-type.2.4.b: The content of element \'job:JobIdWithTS\' is not complete. One of \'{""http://www.telcordia.com/RM-WorkforceManagement/Job/v1"":Timestamp}\' is expected.]'}]"
FL_N_ORLANDO_WEST_E,2019-04-16,"[{'technicianId': 'SB102F', 'loadType': 'SOFT', 'wrid': 137640608, 'status': 'Error', 'message': 'The processing of the request failed. javax.xml.bind.UnmarshalException\n - with linked exception:\n[org.xml.sax.SAXParseException: cvc-complex-type.2.4.b: The content of element \'job:JobIdWithTS\' is not complete. One of \'{""http://www.telcordia.com/RM-WorkforceManagement/Job/v1"":Timestamp}\' is expected.]'}]"
GA_ATL_NORTHEAST_E,2019-04-16,[]
GA_ATL_NORTHWEST_E,2019-05-16,[]
TX_S_CENTRAL_HSTN_T,2019-06-20,"[{'technicianId': 'JR1707', 'loadType': 'SOFT', 'wrid': 102508841, 'status': 'Success'}]"
LA_NORTH_SHORE_T,2019-06-20,"[{'technicianId': 'LH3439', 'loadType': 'SOFT', 'wrid': 140280687, 'status': 'Success'}]"
TN_CHAT_E,2019-06-20,[]
TN_CO_CHATTANOOGA_T,2019-06-20,"[{'technicianId': 'JW8870', 'loadType': 'SOFT', 'wrid': 140284623, 'status': 'Success'}]"
NC_SC_EAST_COASTAL_T,2019-06-20,"[{'technicianId': 'LP595Q', 'loadType': 'SOFT', 'wrid': 138432772, 'status': 'Success'}, {'technicianId': 'DS6933', 'loadType': 'SOFT', 'wrid': 140103407, 'status': 'Success'}, {'technicianId': 'DM0765', 'loadType': 'SOFT', 'wrid': 140128561, 'status': 'Success'}]"
LA_SOUTH_E,2019-06-20,"[{'technicianId': 'PC240X', 'loadType': 'SOFT', 'wrid': 140092376, 'status': 'Success'}]"
AL_NORTH_T,2019-06-20,"[{'technicianId': 'JB3510', 'loadType': 'SOFT', 'wrid': 140144569, 'status': 'Success'}, {'technicianId': 'SH4980', 'loadType': 'SOFT', 'wrid': 140060979, 'status': 'Success'}]"
GA_SOUTHWEST_T,2019-06-20,"[{'technicianId': 'RR1560', 'loadType': 'SOFT', 'wrid': 140020671, 'status': 'Success'}, {'technicianId': 'JY1904', 'loadType': 'SOFT', 'wrid': 140282894, 'status': 'Success'}, {'technicianId': 'BD3417', 'loadType': 'SOFT', 'wrid': 139608182, 'status': 'Success'}, {'technicianId': 'GT8132', 'loadType': 'SOFT', 'wrid': 140232500, 'status': 'Success'}]"
NC_CHARLOTTE_CNTRL_T,2019-06-20,"[{'technicianId': 'CB225U', 'loadType': 'SOFT', 'wrid': 140231601, 'status': 'Success'}, {'technicianId': 'JH0246', 'loadType': 'SOFT', 'wrid': 140148511, 'status': 'Success'}]"
KY_WEST_T,2019-06-20,"[{'technicianId': 'BF2113', 'loadType': 'SOFT', 'wrid': 140080264, 'status': 'Success'}, {'technicianId': 'DN201Y', 'loadType': 'SOFT', 'wrid': 140277278, 'status': 'Success'}, {'technicianId': 'AC540N', 'loadType': 'SOFT', 'wrid': 139981336, 'status': 'Success'}]"
OK_TULSA_E,2019-06-20,"[{'technicianId': 'DR790F', 'loadType': 'SOFT', 'wrid': 102208232, 'status': 'Success'}, {'technicianId': 'TH6103', 'loadType': 'SOFT', 'wrid': 102390977, 'status': 'Success'}, {'technicianId': 'NB143E', 'loadType': 'SOFT', 'wrid': 102559994, 'status': 'Success'}, {'technicianId': 'CK310T', 'loadType': 'SOFT', 'wrid': 102516532, 'status': 'Success'}, {'technicianId': 'TF493W', 'loadType': 'SOFT', 'wrid': 102550042, 'status': 'Success'}]"
LA_WEST_N_ORLEANS_T,2019-06-20,"[{'technicianId': 'DH806V', 'loadType': 'SOFT', 'wrid': 140055927, 'status': 'Success'}, {'technicianId': 'BG0699', 'loadType': 'SOFT', 'wrid': 140187874, 'status': 'Success'}, {'technicianId': 'LC0765', 'loadType': 'SOFT', 'wrid': 139896048, 'status': 'Success'}]"
IN_IL_CHCG_SOUTH_T,2019-06-20,"[{'technicianId': 'KM1567', 'loadType': 'SOFT', 'wrid': 107475642, 'status': 'Success'}, {'technicianId': 'GM7237', 'loadType': 'SOFT', 'wrid': 107324405, 'status': 'Success'}, {'technicianId': 'SR2865', 'loadType': 'SOFT', 'wrid': 107390782, 'status': 'Success'}, {'technicianId': 'RB1329', 'loadType': 'SOFT', 'wrid': 107296675, 'status': 'Success'}]"
LA_NORTHWEST_T,2019-06-20,"[{'technicianId': 'WS4384', 'loadType': 'SOFT', 'wrid': 140277117, 'status': 'Success'}, {'technicianId': 'RX847X', 'loadType': 'SOFT', 'wrid': 140282398, 'status': 'Success'}, {'technicianId': 'WD0311', 'loadType': 'SOFT', 'wrid': 140109619, 'status': 'Success'}, {'technicianId': 'JW432E', 'loadType': 'SOFT', 'wrid': 139889270, 'status': 'Success'}, {'technicianId': 'ML1608', 'loadType': 'SOFT', 'wrid': 140281573, 'status': 'Success'}]"
IL_SOUTHERN_RURAL_T,2019-06-20,"[{'technicianId': 'FM3513', 'loadType': 'SOFT', 'wrid': 107288528, 'status': 'Success'}, {'technicianId': 'GV1761', 'loadType': 'SOFT', 'wrid': 107432481, 'status': 'Success'}, {'technicianId': 'CJ2896', 'loadType': 'SOFT', 'wrid': 107468118, 'status': 'Success'}, {'technicianId': 'JL5342', 'loadType': 'SOFT', 'wrid': 107449333, 'status': 'Success'}, {'technicianId': 'EM2312', 'loadType': 'SOFT', 'wrid': 107472849, 'status': 'Success'}]"
NC_GRNSBORO_CNTRL_T,2019-06-20,"[{'technicianId': 'PL4396', 'loadType': 'SOFT', 'wrid': 140257515, 'status': 'Success'}]"
KY_LOUISVILLE_T,2019-06-20,"[{'technicianId': 'JC0604', 'loadType': 'SOFT', 'wrid': 140228852, 'status': 'Success'}]"
MI_LIVONIA_T,2019-06-20,[]
MI_GRAND_RAPIDS_T,2019-06-20,"[{'technicianId': 'BG1869', 'loadType': 'SOFT', 'wrid': 107472601, 'status': 'Success'}, {'technicianId': 'SS8593', 'loadType': 'SOFT', 'wrid': 107395694, 'status': 'Success'}]"
SC_MIDLAND_E,2019-06-20,[]
AL_BIRMINGHAM_T,2019-06-20,"[{'technicianId': 'JW4651', 'loadType': 'SOFT', 'wrid': 140129385, 'status': 'Success'}]"
MS_SOUTH_T,2019-06-20,[]
TN_KNOXVILLE_T,2019-06-20,"[{'technicianId': 'MG1869', 'loadType': 'SOFT', 'wrid': 139976583, 'status': 'Success'}, {'technicianId': 'JB5593', 'loadType': 'SOFT', 'wrid': 139794013, 'status': 'Success'}, {'technicianId': 'MK0775', 'loadType': 'SOFT', 'wrid': 140150014, 'status': 'Success'}, {'technicianId': 'JN2147', 'loadType': 'SOFT', 'wrid': 140197401, 'status': 'Success'}]"
OH_NORTH_CENTRAL_E,2019-06-20,"[{'technicianId': 'LM693R', 'loadType': 'SOFT', 'wrid': 107280709, 'status': 'Success'}, {'technicianId': 'DS7194', 'loadType': 'SOFT', 'wrid': 107092946, 'status': 'Success'}, {'technicianId': 'TB2407', 'loadType': 'SOFT', 'wrid': 107405820, 'status': 'Success'}, {'technicianId': 'BR5717', 'loadType': 'SOFT', 'wrid': 107359967, 'status': 'Success'}, {'technicianId': 'MW5693', 'loadType': 'SOFT', 'wrid': 107351706, 'status': 'Success'}]"
TN_WST_MIDDLE_TN_T,2019-06-20,"[{'technicianId': 'JK7782', 'loadType': 'SOFT', 'wrid': 140263245, 'status': 'Success'}, {'technicianId': 'JB0210', 'loadType': 'SOFT', 'wrid': 139991016, 'status': 'Success'}, {'technicianId': 'JN014F', 'loadType': 'SOFT', 'wrid': 140143800, 'status': 'Success'}]"
MI_UNIVERSTY_E,2019-06-20,"[{'technicianId': 'AR988E', 'loadType': 'SOFT', 'wrid': 107373132, 'status': 'Success'}]"
TN_KNOXVILLE_E,2019-06-20,"[{'technicianId': 'DB566A', 'loadType': 'SOFT', 'wrid': 140014169, 'status': 'Success'}]"
SC_COLUMBIA_EAST_E,2019-06-20,[]
NC_WEST_T,2019-06-20,[]
WI_MILWAUKEE_STH_E,2019-06-20,[]
MS_CENTRAL_E,2019-06-20,[]
SC_MIDLANDS_T,2019-06-20,"[{'technicianId': 'JC6177', 'loadType': 'SOFT', 'wrid': 139092311, 'status': 'Success'}, {'technicianId': 'RS7684', 'loadType': 'SOFT', 'wrid': 140054143, 'status': 'Success'}]"
NC_RALEIGH_EAST_E,2019-06-20,"[{'technicianId': 'CS036T', 'loadType': 'SOFT', 'wrid': 139727444, 'status': 'Success'}, {'technicianId': 'DJ720X', 'loadType': 'SOFT', 'wrid': 140275682, 'status': 'Success'}]"
MS_NORTH_T,2019-06-20,"[{'technicianId': 'CH7920', 'loadType': 'SOFT', 'wrid': 140281232, 'status': 'Success'}]"
LA_WEST_N_ORLEANS_E,2019-06-20,"[{'technicianId': 'BM5865', 'loadType': 'SOFT', 'wrid': 140145243, 'status': 'Success'}, {'technicianId': 'WB4578', 'loadType': 'SOFT', 'wrid': 140239984, 'status': 'Success'}, {'technicianId': 'KS740X', 'loadType': 'SOFT', 'wrid': 140284830, 'status': 'Success'}]"
IL_STH_SUBURBAN_T,2019-06-20,"[{'technicianId': 'SL9628', 'loadType': 'SOFT', 'wrid': 107407528, 'status': 'Success'}, {'technicianId': 'KS2457', 'loadType': 'SOFT', 'wrid': 107398675, 'status': 'Success'}, {'technicianId': 'FC4797', 'loadType': 'SOFT', 'wrid': 107431411, 'status': 'Success'}, {'technicianId': 'TS8235', 'loadType': 'SOFT', 'wrid': 107416566, 'status': 'Success'}, {'technicianId': 'MH1646', 'loadType': 'SOFT', 'wrid': 107478906, 'status': 'Success'}]"
LA_NORTHEAST_T,2019-06-20,"[{'technicianId': 'BB902H', 'loadType': 'SOFT', 'wrid': 140135633, 'status': 'Success'}, {'technicianId': 'JM197U', 'loadType': 'SOFT', 'wrid': 140224353, 'status': 'Success'}, {'technicianId': 'JS1039', 'loadType': 'SOFT', 'wrid': 139694561, 'status': 'Success'}]"
OH_INDIANA_SOUTH_E,2019-06-20,[]
IL_NORTH_T,2019-06-20,"[{'technicianId': 'DM4517', 'loadType': 'SOFT', 'wrid': 107068302, 'status': 'Success'}, {'technicianId': 'ML2343', 'loadType': 'SOFT', 'wrid': 107117148, 'status': 'Success'}, {'technicianId': 'TW1291', 'loadType': 'SOFT', 'wrid': 107409324, 'status': 'Success'}, {'technicianId': 'JJ2365', 'loadType': 'SOFT', 'wrid': 107216861, 'status': 'Success'}, {'technicianId': 'SO3271', 'loadType': 'SOFT', 'wrid': 107405685, 'status': 'Success'}]"
LA_SOUTH_T,2019-06-20,"[{'technicianId': 'JD2015', 'loadType': 'SOFT', 'wrid': 139745795, 'status': 'Success'}]"
AL_CENTRAL_T,2019-06-20,"[{'technicianId': 'JJ9585', 'loadType': 'SOFT', 'wrid': 139935651, 'status': 'Success'}, {'technicianId': 'RN6136', 'loadType': 'SOFT', 'wrid': 140279326, 'status': 'Success'}, {'technicianId': 'JB0373', 'loadType': 'SOFT', 'wrid': 139949814, 'status': 'Success'}, {'technicianId': 'BM326Y', 'loadType': 'SOFT', 'wrid': 140186055, 'status': 'Success'}]"
IL_OUTSTATE_T,2019-06-20,"[{'technicianId': 'BC9148', 'loadType': 'SOFT', 'wrid': 107464357, 'status': 'Success'}, {'technicianId': 'BN4318', 'loadType': 'SOFT', 'wrid': 107452088, 'status': 'Success'}]"
TX_HARLINGEN_E,2019-06-20,"[{'technicianId': 'ES4764', 'loadType': 'SOFT', 'wrid': 102521017, 'status': 'Success'}, {'technicianId': 'BA525J', 'loadType': 'SOFT', 'wrid': 102564837, 'status': 'Success'}, {'technicianId': 'SR852N', 'loadType': 'SOFT', 'wrid': 102481627, 'status': 'Success'}]"
KY_EAST_T,2019-06-20,[]
GA_SOUTHEAST_T,2019-06-20,"[{'technicianId': 'AM0953', 'loadType': 'SOFT', 'wrid': 139996532, 'status': 'Success'}, {'technicianId': 'WE7214', 'loadType': 'SOFT', 'wrid': 139578532, 'status': 'Success'}, {'technicianId': 'TB0216', 'loadType': 'SOFT', 'wrid': 140145956, 'status': 'Success'}, {'technicianId': 'JB5506', 'loadType': 'SOFT', 'wrid': 140163135, 'status': 'Success'}]"
WI_MILWAUKEE_NTH_E,2019-06-20,"[{'technicianId': 'NG952W', 'loadType': 'SOFT', 'wrid': 107389026, 'status': 'Success'}]"
AR_CENTRAL_T,2019-06-20,"[{'technicianId': 'JH579F', 'loadType': 'SOFT', 'wrid': 102577647, 'status': 'Success'}, {'technicianId': 'RY4243', 'loadType': 'SOFT', 'wrid': 102515775, 'status': 'Success'}, {'technicianId': 'SB258F', 'loadType': 'SOFT', 'wrid': 102589705, 'status': 'Success'}]"
KS_TOPEKA_E,2019-06-20,[]
OK_CENTRAL_T,2019-06-20,"[{'technicianId': 'AG911K', 'loadType': 'SOFT', 'wrid': 102387041, 'status': 'Success'}, {'technicianId': 'JB2384', 'loadType': 'SOFT', 'wrid': 102587267, 'status': 'Success'}, {'technicianId': 'BR7965', 'loadType': 'SOFT', 'wrid': 102587460, 'status': 'Success'}, {'technicianId': 'RH0359', 'loadType': 'SOFT', 'wrid': 102399992, 'status': 'Success'}, {'technicianId': 'GC810E', 'loadType': 'SOFT', 'wrid': 102500616, 'status': 'Success'}, {'technicianId': 'RX167J', 'loadType': 'SOFT', 'wrid': 102204487, 'status': 'Success'}]"
MI_IN_LAKESHORE_T,2019-06-20,"[{'technicianId': 'MG4319', 'loadType': 'SOFT', 'wrid': 107262778, 'status': 'Success'}, {'technicianId': 'BF3735', 'loadType': 'SOFT', 'wrid': 107375262, 'status': 'Success'}]"
LA_BATON_ROUGE_T,2019-06-20,"[{'technicianId': 'MP3494', 'loadType': 'SOFT', 'wrid': 140257157, 'status': 'Success'}, {'technicianId': 'NM5493', 'loadType': 'SOFT', 'wrid': 139993995, 'status': 'Success'}, {'technicianId': 'MB085B', 'loadType': 'SOFT', 'wrid': 140053018, 'status': 'Success'}, {'technicianId': 'PC4829', 'loadType': 'SOFT', 'wrid': 140265175, 'status': 'Success'}]"
KY_WEST_E,2019-06-20,[]
AL_NORTH_E,2019-06-20,"[{'technicianId': 'TC468U', 'loadType': 'SOFT', 'wrid': 140236227, 'status': 'Success'}]"
TN_MEMPHIS_T,2019-06-20,"[{'technicianId': 'KC9978', 'loadType': 'SOFT', 'wrid': 140283468, 'status': 'Success'}, {'technicianId': 'MH1540', 'loadType': 'SOFT', 'wrid': 140082148, 'status': 'Success'}, {'technicianId': 'DT8164', 'loadType': 'SOFT', 'wrid': 140129422, 'status': 'Success'}, {'technicianId': 'VS5216', 'loadType': 'SOFT', 'wrid': 140154685, 'status': 'Success'}, {'technicianId': 'KW161W', 'loadType': 'SOFT', 'wrid': 140155445, 'status': 'Success'}, {'technicianId': 'GH007J', 'loadType': 'SOFT', 'wrid': 139930114, 'status': 'Success'}]"
AL_NORTH_CENTRAL_E,2019-06-20,"[{'technicianId': 'GP3584', 'loadType': 'SOFT', 'wrid': 140139987, 'status': 'Success'}]"
MS_NORTH_E,2019-06-20,"[{'technicianId': 'PS865Q', 'loadType': 'SOFT', 'wrid': 140209529, 'status': 'Success'}]"
IN_IPLS_CENTRAL_E,2019-06-20,"[{'technicianId': 'BM104M', 'loadType': 'SOFT', 'wrid': 107394358, 'status': 'Success'}]"
MO_STLS_SOUTH_E,2019-06-20,"[{'technicianId': 'DN036S', 'loadType': 'SOFT', 'wrid': 102228355, 'status': 'Success'}, {'technicianId': 'BB326Y', 'loadType': 'SOFT', 'wrid': 102366177, 'status': 'Success'}]"
OH_CLEVELAND_WEST_T,2019-06-20,[]
GA_VALDOSTA_E,2019-06-20,"[{'technicianId': 'TG683G', 'loadType': 'SOFT', 'wrid': 140250361, 'status': 'Success'}]"
TX_MIDLAND_ODESSA_E,2019-06-20,[]
TN_N_MEMPH_JACKSON_E,2019-06-20,[]
LA_NORTH_E,2019-06-20,"[{'technicianId': 'JH733Y', 'loadType': 'SOFT', 'wrid': 140100257, 'status': 'Success'}]"
OH_CLEVELAND_T,2019-06-20,"[{'technicianId': 'ML6151', 'loadType': 'SOFT', 'wrid': 107383888, 'status': 'Success'}]"
FL_COASTAL_T,2019-06-20,[]
IL_SOUTHERN_E,2019-06-20,"[{'technicianId': 'CW160K', 'loadType': 'SOFT', 'wrid': 107327528, 'status': 'Success'}, {'technicianId': 'EP1738', 'loadType': 'SOFT', 'wrid': 107357584, 'status': 'Success'}, {'technicianId': 'MB556N', 'loadType': 'SOFT', 'wrid': 107392198, 'status': 'Success'}]"
AL_CENTRAL_E,2019-06-20,"[{'technicianId': 'CR408D', 'loadType': 'SOFT', 'wrid': 140220122, 'status': 'Success'}, {'technicianId': 'PJ281G', 'loadType': 'SOFT', 'wrid': 140093738, 'status': 'Success'}]"
KY_EAST_E,2019-06-20,"[{'technicianId': 'JC8628', 'loadType': 'SOFT', 'wrid': 140260445, 'status': 'Success'}, {'technicianId': 'CC774X', 'loadType': 'SOFT', 'wrid': 140085357, 'status': 'Success'}]"
TX_RIO_GRANDE_VLY_T,2019-06-20,[]
OH_SOUTHWEST_E,2019-06-20,[]
TX_NO_SNAN_SO_AUST_T,2019-06-20,[]
IL_CHCG_METRO_T,2019-06-20,[]
WI_MI_OUTSTATE_T,2019-06-20,"[{'technicianId': 'BB2472', 'loadType': 'SOFT', 'wrid': 107312800, 'status': 'Success'}, {'technicianId': 'DL5914', 'loadType': 'SOFT', 'wrid': 107467862, 'status': 'Success'}, {'technicianId': 'TK2864', 'loadType': 'SOFT', 'wrid': 107467373, 'status': 'Success'}, {'technicianId': 'CJ7389', 'loadType': 'SOFT', 'wrid': 107399926, 'status': 'Success'}, {'technicianId': 'MN1764', 'loadType': 'SOFT', 'wrid': 107471903, 'status': 'Success'}]"
TX_SNAN_AUST_SOUTH_E,2019-06-20,"[{'technicianId': 'MG629J', 'loadType': 'SOFT', 'wrid': 102554902, 'status': 'Success'}, {'technicianId': 'CW939Y', 'loadType': 'SOFT', 'wrid': 102570882, 'status': 'Success'}]"
IN_NORTH_T,2019-06-20,"[{'technicianId': 'FP2464', 'loadType': 'SOFT', 'wrid': 107430679, 'status': 'Success'}, {'technicianId': 'LM2869', 'loadType': 'SOFT', 'wrid': 107462378, 'status': 'Success'}, {'technicianId': 'NB2341', 'loadType': 'SOFT', 'wrid': 107467192, 'status': 'Success'}, {'technicianId': 'JY8515', 'loadType': 'SOFT', 'wrid': 107465524, 'status': 'Success'}, {'technicianId': 'MP3942', 'loadType': 'SOFT', 'wrid': 107424051, 'status': 'Success'}]"
KY_LOUISVILLE_EAST_E,2019-06-20,"[{'technicianId': 'BR518X', 'loadType': 'SOFT', 'wrid': 140221089, 'status': 'Success'}, {'technicianId': 'RC785M', 'loadType': 'SOFT', 'wrid': 140185946, 'status': 'Success'}]"
MI_DETROIT_T,2019-06-20,[]
GA_SOUTH_T,2019-06-20,[]
SC_UPSTATE_WEST_E,2019-06-20,[]
WI_MILW_METRO_T,2019-06-20,"[{'technicianId': 'MD4721', 'loadType': 'SOFT', 'wrid': 107327175, 'status': 'Success'}, {'technicianId': 'TS4651', 'loadType': 'SOFT', 'wrid': 107382130, 'status': 'Success'}]"
MI_TRI_CITIES_T,2019-06-20,"[{'technicianId': 'AC9716', 'loadType': 'SOFT', 'wrid': 107400265, 'status': 'Success'}, {'technicianId': 'LW1631', 'loadType': 'SOFT', 'wrid': 107431000, 'status': 'Success'}]"
FL_SOUTH_BROWARD_T,2019-06-20,"[{'technicianId': 'SJ9482', 'loadType': 'SOFT', 'wrid': 140188419, 'status': 'Success'}]"
FL_EAST_DADE_T,2019-06-20,"[{'technicianId': 'ED2306', 'loadType': 'SOFT', 'wrid': 140226360, 'status': 'Success'}]"
TX_CORPUS_CHRISTI_E,2019-06-20,"[{'technicianId': 'RG4665', 'loadType': 'SOFT', 'wrid': 101877673, 'status': 'Success'}]"
NC_ASHEVILLE_MTNS_E,2019-06-20,"[{'technicianId': 'CW012E', 'loadType': 'SOFT', 'wrid': 140268991, 'status': 'Success'}, {'technicianId': 'JF6510', 'loadType': 'SOFT', 'wrid': 140210622, 'status': 'Success'}]"
KY_LOUISVILLE_WEST_E,2019-06-20,[]
TX_LRDO_EAGLE_PASS_T,2019-06-20,"[{'technicianId': 'SR989N', 'loadType': 'SOFT', 'wrid': 102531142, 'status': 'Success'}]"
TX_AUST_SOUTH_E,2019-06-20,"[{'technicianId': 'RH410C', 'loadType': 'SOFT', 'wrid': 102566124, 'status': 'Success'}, {'technicianId': 'RE215X', 'loadType': 'SOFT', 'wrid': 102517363, 'status': 'Success'}, {'technicianId': 'TT853U', 'loadType': 'SOFT', 'wrid': 102539601, 'status': 'Success'}]"
MS_SOUTHEAST_T,2019-06-20,"[{'technicianId': 'WV879C', 'loadType': 'SOFT', 'wrid': 140278607, 'status': 'Success'}, {'technicianId': 'MC1605', 'loadType': 'SOFT', 'wrid': 140087252, 'status': 'Success'}, {'technicianId': 'JL5509', 'loadType': 'SOFT', 'wrid': 140132373, 'status': 'Success'}]"
MI_S_METRO_E,2019-06-20,"[{'technicianId': 'JM736B', 'loadType': 'SOFT', 'wrid': 107139579, 'status': 'Success'}]"
MI_OH_DOWNRIVER_T,2019-06-20,"[{'technicianId': 'NS2615', 'loadType': 'SOFT', 'wrid': 107063134, 'status': 'Success'}, {'technicianId': 'KB1952', 'loadType': 'SOFT', 'wrid': 107475369, 'status': 'Success'}, {'technicianId': 'JH2784', 'loadType': 'SOFT', 'wrid': 107472905, 'status': 'Success'}, {'technicianId': 'SC3475', 'loadType': 'SOFT', 'wrid': 107470809, 'status': 'Success'}, {'technicianId': 'MH1297', 'loadType': 'SOFT', 'wrid': 107425780, 'status': 'Success'}]"
LA_NORTH_SHORE_E,2019-06-20,[]
MO_SPRINGFIELD_E,2019-06-20,[]
OH_NORTHWEST_E,2019-06-20,[]
AL_EAST_E,2019-06-20,"[{'technicianId': 'MJ032C', 'loadType': 'SOFT', 'wrid': 140157142, 'status': 'Success'}, {'technicianId': 'JE249N', 'loadType': 'SOFT', 'wrid': 140278277, 'status': 'Success'}, {'technicianId': 'LK185G', 'loadType': 'SOFT', 'wrid': 140203779, 'status': 'Success'}, {'technicianId': 'BM077S', 'loadType': 'SOFT', 'wrid': 140161267, 'status': 'Success'}]"
AR_OK_FTSM_FYVL_E,2019-06-20,"[{'technicianId': 'CB911B', 'loadType': 'SOFT', 'wrid': 102247358, 'status': 'Success'}]"
TX_EL_PASO_E,2019-06-20,"[{'technicianId': 'JR077W', 'loadType': 'SOFT', 'wrid': 102433933, 'status': 'Success'}, {'technicianId': 'JA723K', 'loadType': 'SOFT', 'wrid': 102458275, 'status': 'Success'}, {'technicianId': 'RF807K', 'loadType': 'SOFT', 'wrid': 102449892, 'status': 'Success'}]"
TX_N_HOU_KEMPWOOD_E,2019-06-20,[]
IN_INDIANAPOLIS_T,2019-06-20,"[{'technicianId': 'AF6492', 'loadType': 'SOFT', 'wrid': 107340304, 'status': 'Success'}]"
OH_NORTHEAST_E,2019-06-20,"[{'technicianId': 'DT974J', 'loadType': 'SOFT', 'wrid': 107356743, 'status': 'Success'}, {'technicianId': 'SC810X', 'loadType': 'SOFT', 'wrid': 107442105, 'status': 'Success'}]"
FL_INDIAN_RIVER_T,2019-06-20,"[{'technicianId': 'TT4195', 'loadType': 'SOFT', 'wrid': 140243113, 'status': 'Success'}]"
TX_N_CENTRAL_HSTN_T,2019-06-20,"[{'technicianId': 'DP250T', 'loadType': 'SOFT', 'wrid': 102523478, 'status': 'Success'}]"
FL_CENTRAL_T,2019-06-20,"[{'technicianId': 'TA5879', 'loadType': 'SOFT', 'wrid': 140162366, 'status': 'Success'}]"
FL_N_INDIAN_RIVER_E,2019-06-20,"[{'technicianId': 'JB8551', 'loadType': 'SOFT', 'wrid': 139995396, 'status': 'Success'}, {'technicianId': 'CS461P', 'loadType': 'SOFT', 'wrid': 139589182, 'status': 'Success'}, {'technicianId': 'JM469D', 'loadType': 'SOFT', 'wrid': 140254235, 'status': 'Success'}]"
MO_KSCY_SOUTHEAST_T,2019-06-20,"[{'technicianId': 'SH803U', 'loadType': 'SOFT', 'wrid': 102567843, 'status': 'Success'}]"
KS_WICHITA_E,2019-06-20,[]
TX_FT_WORTH_MAIN_T,2019-06-20,"[{'technicianId': 'DR5891', 'loadType': 'SOFT', 'wrid': 102519323, 'status': 'Success'}, {'technicianId': 'GH2596', 'loadType': 'SOFT', 'wrid': 102570791, 'status': 'Success'}]"
TX_NORTHEAST_HSTN_T,2019-06-20,"[{'technicianId': 'RJ401U', 'loadType': 'SOFT', 'wrid': 102556374, 'status': 'Success'}, {'technicianId': 'MT8621', 'loadType': 'SOFT', 'wrid': 102587276, 'status': 'Success'}]"
TX_OUTSTATE_EAST_T,2019-06-20,[]
IN_SOUTH_T,2019-06-20,"[{'technicianId': 'KB6731', 'loadType': 'SOFT', 'wrid': 107460381, 'status': 'Success'}, {'technicianId': 'BC1428', 'loadType': 'SOFT', 'wrid': 107465265, 'status': 'Success'}]"
TX_ARLINGTON_SOUTH_T,2019-06-20,"[{'technicianId': 'MB606F', 'loadType': 'SOFT', 'wrid': 102529704, 'status': 'Success'}, {'technicianId': 'WP1942', 'loadType': 'SOFT', 'wrid': 102500905, 'status': 'Success'}, {'technicianId': 'JJ484B', 'loadType': 'SOFT', 'wrid': 102581917, 'status': 'Success'}]"
KS_MO_KCY_SOUTH_E,2019-06-20,"[{'technicianId': 'RG368U', 'loadType': 'SOFT', 'wrid': 101872384, 'status': 'Success'}, {'technicianId': 'AF245N', 'loadType': 'SOFT', 'wrid': 102231971, 'status': 'Success'}, {'technicianId': 'KL094A', 'loadType': 'SOFT', 'wrid': 101881493, 'status': 'Success'}, {'technicianId': 'JP222D', 'loadType': 'SOFT', 'wrid': 102490564, 'status': 'Success'}]"
IN_OUTSTATE_NORTH_E,2019-06-20,[]
MS_SOUTH_E,2019-06-20,"[{'technicianId': 'TT892T', 'loadType': 'SOFT', 'wrid': 140137783, 'status': 'Success'}]"
TX_N_HOU_ALMEDA_E,2019-06-20,"[{'technicianId': 'JC289T', 'loadType': 'SOFT', 'wrid': 102588115, 'status': 'Success'}]"
WI_NORTHWEST_E,2019-06-20,[]
TX_SNAN_METRO_T,2019-06-20,"[{'technicianId': 'RS2029', 'loadType': 'SOFT', 'wrid': 102511513, 'status': 'Success'}]"
GA_NORTHWEST_T,2019-06-20,"[{'technicianId': 'RV5077', 'loadType': 'SOFT', 'wrid': 140075246, 'status': 'Success'}, {'technicianId': 'JP0190', 'loadType': 'SOFT', 'wrid': 140247299, 'status': 'Success'}]"
FL_PENSACOLA_E,2019-06-20,[]
GA_EAST_T,2019-06-20,[]
FL_PALM_T,2019-06-20,"[{'technicianId': 'DB2455', 'loadType': 'SOFT', 'wrid': 139968081, 'status': 'Success'}]"
FL_SOUTH_DADE_KEYS_T,2019-06-20,[]
IN_IPLS_NORTH_EAST_E,2019-06-20,"[{'technicianId': 'JC4778', 'loadType': 'SOFT', 'wrid': 107368832, 'status': 'Success'}, {'technicianId': 'MT149S', 'loadType': 'SOFT', 'wrid': 107232097, 'status': 'Success'}, {'technicianId': 'MM6681', 'loadType': 'SOFT', 'wrid': 107291965, 'status': 'Success'}, {'technicianId': 'DW830R', 'loadType': 'SOFT', 'wrid': 107330739, 'status': 'Success'}, {'technicianId': 'CS293E', 'loadType': 'SOFT', 'wrid': 107407452, 'status': 'Success'}]"
TX_DLLS_STH_CENTRL_E,2019-06-20,"[{'technicianId': 'JS144N', 'loadType': 'SOFT', 'wrid': 102486606, 'status': 'Success'}]"
SC_UPSTATE_T,2019-06-20,[]
IL_CHI_SUBN_NORTH_E,2019-06-20,"[{'technicianId': 'MW485W', 'loadType': 'SOFT', 'wrid': 107406834, 'status': 'Success'}]"
FL_S_DADE_NRTHEAST_E,2019-06-20,[]
IL_CHI_CENTRAL_E,2019-06-20,"[{'technicianId': 'JH635A', 'loadType': 'SOFT', 'wrid': 107390212, 'status': 'Success'}, {'technicianId': 'ES0675', 'loadType': 'SOFT', 'wrid': 107314867, 'status': 'Success'}]"
FL_NORTH_T,2019-06-20,"[{'technicianId': 'JW7622', 'loadType': 'SOFT', 'wrid': 140148838, 'status': 'Success'}, {'technicianId': 'ES0700', 'loadType': 'SOFT', 'wrid': 140051445, 'status': 'Success'}, {'technicianId': 'PR6457', 'loadType': 'SOFT', 'wrid': 140051730, 'status': 'Success'}, {'technicianId': 'WC0807', 'loadType': 'SOFT', 'wrid': 140151853, 'status': 'Success'}, {'technicianId': 'DG0863', 'loadType': 'SOFT', 'wrid': 140206914, 'status': 'Success'}]"
OK_AR_WEST_T,2019-06-20,"[{'technicianId': 'HS5228', 'loadType': 'SOFT', 'wrid': 102534973, 'status': 'Success'}, {'technicianId': 'JH1681', 'loadType': 'SOFT', 'wrid': 102431096, 'status': 'Success'}]"
FL_S_POMPANO_BEACH_E,2019-06-20,[]
LA_METRO_N_ORLEANS_E,2019-06-20,[]
GA_ATHENS_E,2019-06-20,[]
OK_EAST_T,2019-06-20,"[{'technicianId': 'JV2387', 'loadType': 'SOFT', 'wrid': 102503280, 'status': 'Success'}, {'technicianId': 'KM819H', 'loadType': 'SOFT', 'wrid': 102201677, 'status': 'Success'}, {'technicianId': 'CB1976', 'loadType': 'SOFT', 'wrid': 102374893, 'status': 'Success'}, {'technicianId': 'RL1593', 'loadType': 'SOFT', 'wrid': 102202612, 'status': 'Success'}]"
MO_S_EST_AR_N_EST_T,2019-06-20,[]
FL_N_ORLANDO_EAST_E,2019-06-20,"[{'technicianId': 'BM192P', 'loadType': 'SOFT', 'wrid': 139997583, 'status': 'Success'}, {'technicianId': 'BV115D', 'loadType': 'SOFT', 'wrid': 140124683, 'status': 'Success'}, {'technicianId': 'EM438T', 'loadType': 'SOFT', 'wrid': 139993052, 'status': 'Success'}, {'technicianId': 'GM0917', 'loadType': 'SOFT', 'wrid': 140253547, 'status': 'Success'}, {'technicianId': 'RW161Y', 'loadType': 'SOFT', 'wrid': 140137746, 'status': 'Success'}]"
TX_SOUTHEAST_HSTN_T,2019-06-20,"[{'technicianId': 'MR077G', 'loadType': 'SOFT', 'wrid': 102539842, 'status': 'Success'}, {'technicianId': 'DC4357', 'loadType': 'SOFT', 'wrid': 102509833, 'status': 'Success'}]"
TX_N_HOU_MUESHKE_E,2019-06-20,"[{'technicianId': 'BL238V', 'loadType': 'SOFT', 'wrid': 102533048, 'status': 'Success'}, {'technicianId': 'AL5215', 'loadType': 'SOFT', 'wrid': 102523518, 'status': 'Success'}]"
KS_EAST_T,2019-06-20,"[{'technicianId': 'DN9886', 'loadType': 'SOFT', 'wrid': 102476711, 'status': 'Success'}, {'technicianId': 'SC7659', 'loadType': 'SOFT', 'wrid': 102581839, 'status': 'Success'}, {'technicianId': 'RT193S', 'loadType': 'SOFT', 'wrid': 102538390, 'status': 'Success'}]"
OK_OKCY_SOUTH_E,2019-06-20,[]
AL_FL_COAST_T,2019-06-20,[]
GA_NORTHEAST_T,2019-06-20,[]
TN_S_NSVL_SOUTH_E,2019-06-20,[]
SC_CHARLESTON_E,2019-06-20,"[{'technicianId': 'JW5228', 'loadType': 'SOFT', 'wrid': 139947771, 'status': 'Success'}]"
AL_MOBILE_E,2019-06-20,"[{'technicianId': 'RX110C', 'loadType': 'SOFT', 'wrid': 140218348, 'status': 'Success'}, {'technicianId': 'DE3790', 'loadType': 'SOFT', 'wrid': 140125088, 'status': 'Success'}]"
TX_OUTSTAT_NTHWST_T,2019-06-20,"[{'technicianId': 'SW158A', 'loadType': 'SOFT', 'wrid': 102546484, 'status': 'Success'}, {'technicianId': 'NR8557', 'loadType': 'SOFT', 'wrid': 102572299, 'status': 'Success'}, {'technicianId': 'BR1418', 'loadType': 'SOFT', 'wrid': 102465206, 'status': 'Success'}]"
FL_S_DADE_SOUTH_E,2019-06-20,[]
TX_AUST_NORTHEAST_E,2019-06-20,"[{'technicianId': 'SR042X', 'loadType': 'SOFT', 'wrid': 102306309, 'status': 'Success'}]"
TX_SNAN_NORTH_E,2019-06-20,[]
MI_MIDTOWN_E,2019-06-20,[]
IL_ILLINOIS_NORTH_E,2019-06-20,[]
MO_ST_LOUIS_NORTH_T,2019-06-20,[]
TX_FTWO_SOUTHWEST_E,2019-06-20,"[{'technicianId': 'DC216P', 'loadType': 'SOFT', 'wrid': 102537077, 'status': 'Success'}]"
TX_NORTH_DALLAS_T,2019-06-20,"[{'technicianId': 'CH2147', 'loadType': 'SOFT', 'wrid': 102393316, 'status': 'Success'}, {'technicianId': 'TH9571', 'loadType': 'SOFT', 'wrid': 102549491, 'status': 'Success'}, {'technicianId': 'LC927F', 'loadType': 'SOFT', 'wrid': 102415333, 'status': 'Success'}, {'technicianId': 'DB7748', 'loadType': 'SOFT', 'wrid': 102490434, 'status': 'Success'}, {'technicianId': 'MB547A', 'loadType': 'SOFT', 'wrid': 102538821, 'status': 'Success'}, {'technicianId': 'HG1347', 'loadType': 'SOFT', 'wrid': 102578218, 'status': 'Success'}]"
TX_NORTHWEST_HSTN_T,2019-06-20,"[{'technicianId': 'AC2375', 'loadType': 'SOFT', 'wrid': 102458604, 'status': 'Success'}, {'technicianId': 'MO1080', 'loadType': 'SOFT', 'wrid': 102539153, 'status': 'Success'}, {'technicianId': 'BC5163', 'loadType': 'SOFT', 'wrid': 102505107, 'status': 'Success'}]"
GA_FAYETTEVILLE_E,2019-06-20,[]
AR_LTRK_METRO_E,2019-06-20,"[{'technicianId': 'MY283P', 'loadType': 'SOFT', 'wrid': 102314617, 'status': 'Success'}, {'technicianId': 'JJ1040', 'loadType': 'SOFT', 'wrid': 102501045, 'status': 'Success'}]"
TX_AUSTIN_WACO_T,2019-06-20,"[{'technicianId': 'MH552X', 'loadType': 'SOFT', 'wrid': 102442605, 'status': 'Success'}, {'technicianId': 'MM1864', 'loadType': 'SOFT', 'wrid': 102553072, 'status': 'Success'}, {'technicianId': 'JS367E', 'loadType': 'SOFT', 'wrid': 102433462, 'status': 'Success'}]"
FL_N_PALM_NORTH_E,2019-06-20,"[{'technicianId': 'LS976P', 'loadType': 'SOFT', 'wrid': 140157013, 'status': 'Success'}]"
TX_DLLS_CENTRAL_E,2019-06-20,"[{'technicianId': 'SP887W', 'loadType': 'SOFT', 'wrid': 102451515, 'status': 'Success'}, {'technicianId': 'JB9667', 'loadType': 'SOFT', 'wrid': 102481485, 'status': 'Success'}]"
TN_NASHVILLE_T,2019-06-20,"[{'technicianId': 'BA063U', 'loadType': 'SOFT', 'wrid': 140192173, 'status': 'Success'}, {'technicianId': 'BC2762', 'loadType': 'SOFT', 'wrid': 139624118, 'status': 'Success'}]"
FL_NORTH_BROWARD_T,2019-06-20,[]
KS_WEST_T,2019-06-20,"[{'technicianId': 'MW6134', 'loadType': 'SOFT', 'wrid': 102321024, 'status': 'Success'}]"
LA_BATON_ROUGE_E,2019-06-20,[]
OH_COLUMBUS_T,2019-06-20,"[{'technicianId': 'CP5257', 'loadType': 'SOFT', 'wrid': 107403299, 'status': 'Success'}]"
IL_CHCG_METRO_NTH_T,2019-06-20,[]
FL_N_JKSNVILLE_SO_E,2019-06-20,"[{'technicianId': 'CL732D', 'loadType': 'SOFT', 'wrid': 140265750, 'status': 'Success'}, {'technicianId': 'MB8819', 'loadType': 'SOFT', 'wrid': 140233698, 'status': 'Success'}, {'technicianId': 'LB2986', 'loadType': 'SOFT', 'wrid': 140279606, 'status': 'Success'}, {'technicianId': 'BC789D', 'loadType': 'SOFT', 'wrid': 139965220, 'status': 'Success'}]"
LA_NEW_ORLEANS_T,2019-06-20,"[{'technicianId': 'CP8960', 'loadType': 'SOFT', 'wrid': 140280529, 'status': 'Success'}]"
KS_MO_KCY_NORTH_E,2019-06-20,"[{'technicianId': 'JW960P', 'loadType': 'SOFT', 'wrid': 102515931, 'status': 'Success'}]"
FL_N_ORLANDO_CNTRL_E,2019-06-20,[]
OH_AKRON_CANTON_T,2019-06-20,[]
TX_DLLS_NORTH_E,2019-06-20,"[{'technicianId': 'CP592B', 'loadType': 'SOFT', 'wrid': 102372304, 'status': 'Success'}, {'technicianId': 'ZG9107', 'loadType': 'SOFT', 'wrid': 102481402, 'status': 'Success'}, {'technicianId': 'MK552U', 'loadType': 'SOFT', 'wrid': 102435146, 'status': 'Success'}, {'technicianId': 'CR8266', 'loadType': 'SOFT', 'wrid': 102569422, 'status': 'Success'}, {'technicianId': 'SS179R', 'loadType': 'SOFT', 'wrid': 102558267, 'status': 'Success'}]"
NC_CHARLOTTE_E,2019-06-20,"[{'technicianId': 'JB477G', 'loadType': 'SOFT', 'wrid': 140232068, 'status': 'Success'}, {'technicianId': 'CS976D', 'loadType': 'SOFT', 'wrid': 139865432, 'status': 'Success'}]"
TX_ELPS_WS_CENTRAL_T,2019-06-20,"[{'technicianId': 'CM4658', 'loadType': 'SOFT', 'wrid': 102495168, 'status': 'Success'}]"
CA_NORTH_COUNTIES_T,2019-06-20,"[{'technicianId': 'MM9751', 'loadType': 'SOFT', 'wrid': 91414997, 'status': 'Success'}, {'technicianId': 'CO1631', 'loadType': 'SOFT', 'wrid': 91514242, 'status': 'Success'}, {'technicianId': 'JK9845', 'loadType': 'SOFT', 'wrid': 91515042, 'status': 'Success'}, {'technicianId': 'AC1532', 'loadType': 'SOFT', 'wrid': 91434338, 'status': 'Success'}, {'technicianId': 'CB9827', 'loadType': 'SOFT', 'wrid': 91436626, 'status': 'Success'}]"
CA_PENINSULA_NORTH_T,2019-06-20,"[{'technicianId': 'JC4129', 'loadType': 'SOFT', 'wrid': 91458107, 'status': 'Success'}]"
CA_NAPA_T,2019-06-20,"[{'technicianId': 'DR1846', 'loadType': 'SOFT', 'wrid': 91505943, 'status': 'Success'}, {'technicianId': 'FG3458', 'loadType': 'SOFT', 'wrid': 91446503, 'status': 'Success'}, {'technicianId': 'MV8696', 'loadType': 'SOFT', 'wrid': 91493079, 'status': 'Success'}]"
NV_CA_NEVADA_T,2019-06-20,"[{'technicianId': 'CB7323', 'loadType': 'SOFT', 'wrid': 91376070, 'status': 'Success'}, {'technicianId': 'RO1857', 'loadType': 'SOFT', 'wrid': 91515096, 'status': 'Success'}]"
CA_DIABLO_T,2019-06-20,[]
CA_LANO_FT_HILL_E,2019-06-20,[]
CA_COMPTON_T,2019-06-20,"[{'technicianId': 'RG8905', 'loadType': 'SOFT', 'wrid': 91458012, 'status': 'Success'}, {'technicianId': 'LV9595', 'loadType': 'SOFT', 'wrid': 91453030, 'status': 'Success'}, {'technicianId': 'BG3168', 'loadType': 'SOFT', 'wrid': 91413950, 'status': 'Success'}, {'technicianId': 'SS6815', 'loadType': 'SOFT', 'wrid': 91391300, 'status': 'Success'}, {'technicianId': 'AM9878', 'loadType': 'SOFT', 'wrid': 91513425, 'status': 'Success'}, {'technicianId': 'FB9536', 'loadType': 'SOFT', 'wrid': 91444307, 'status': 'Success'}, {'technicianId': 'PC1491', 'loadType': 'SOFT', 'wrid': 91391294, 'status': 'Success'}, {'technicianId': 'EV9768', 'loadType': 'SOFT', 'wrid': 91515907, 'status': 'Success'}, {'technicianId': 'EM1824', 'loadType': 'SOFT', 'wrid': 91388434, 'status': 'Success'}, {'technicianId': 'CM8538', 'loadType': 'SOFT', 'wrid': 91443175, 'status': 'Success'}, {'technicianId': 'FF1578', 'loadType': 'SOFT', 'wrid': 91458937, 'status': 'Success'}, {'technicianId': 'HA2645', 'loadType': 'SOFT', 'wrid': 91453890, 'status': 'Success'}, {'technicianId': 'RR2395', 'loadType': 'SOFT', 'wrid': 91457984, 'status': 'Success'}, {'technicianId': 'JM8183', 'loadType': 'SOFT', 'wrid': 91512566, 'status': 'Success'}, {'technicianId': 'BC3296', 'loadType': 'SOFT', 'wrid': 91441940, 'status': 'Success'}, {'technicianId': 'MG3423', 'loadType': 'SOFT', 'wrid': 91501236, 'status': 'Success'}]"
TN_N_NSVL_NORTH_E,2019-06-20,[]
CA_GARDENA_T,2019-06-20,[]
CA_NCNV_N_ROCKLIN_E,2019-06-20,[]
CA_ORANGE_CNTY_STH_T,2019-06-20,[]
CA_ORANGE_CNTY_NTH_T,2019-06-20,"[{'technicianId': 'RB1792', 'loadType': 'SOFT', 'wrid': 91364461, 'status': 'Success'}]"
TX_LUBBOCK_E,2019-06-20,[]
CA_SNDG_NORTH_T,2019-06-20,"[{'technicianId': 'VG2975', 'loadType': 'SOFT', 'wrid': 91515335, 'status': 'Success'}, {'technicianId': 'DT1392', 'loadType': 'SOFT', 'wrid': 91512441, 'status': 'Success'}, {'technicianId': 'MM6196', 'loadType': 'SOFT', 'wrid': 91378125, 'status': 'Success'}, {'technicianId': 'PG2671', 'loadType': 'SOFT', 'wrid': 91427224, 'status': 'Success'}, {'technicianId': 'JM3415', 'loadType': 'SOFT', 'wrid': 91448614, 'status': 'Success'}, {'technicianId': 'MA9653', 'loadType': 'SOFT', 'wrid': 91514484, 'status': 'Success'}, {'technicianId': 'RH2354', 'loadType': 'SOFT', 'wrid': 91428106, 'status': 'Success'}, {'technicianId': 'GV1326', 'loadType': 'SOFT', 'wrid': 91428747, 'status': 'Success'}, {'technicianId': 'RG1627', 'loadType': 'SOFT', 'wrid': 91437178, 'status': 'Success'}, {'technicianId': 'PC9319', 'loadType': 'SOFT', 'wrid': 91489784, 'status': 'Success'}, {'technicianId': 'RR7968', 'loadType': 'SOFT', 'wrid': 91477059, 'status': 'Success'}, {'technicianId': 'MC2751', 'loadType': 'SOFT', 'wrid': 91434071, 'status': 'Success'}]"
CA_SNDG_SOUTH_T,2019-06-20,"[{'technicianId': 'RV1936', 'loadType': 'SOFT', 'wrid': 91422940, 'status': 'Success'}, {'technicianId': 'EL1657', 'loadType': 'SOFT', 'wrid': 91423401, 'status': 'Success'}]"
CA_CNT_STH_VALLEY_E,2019-06-20,[]
CA_CENTRAL_COAST_T,2019-06-20,"[{'technicianId': 'JB3261', 'loadType': 'SOFT', 'wrid': 91446971, 'status': 'Success'}]"
CA_SNDG_CENTRAL_T,2019-06-20,"[{'technicianId': 'GS1639', 'loadType': 'SOFT', 'wrid': 91390858, 'status': 'Success'}]"
CA_YOSEMITE_GATEWY_T,2019-06-20,"[{'technicianId': 'CZ068U', 'loadType': 'SOFT', 'wrid': 91306603, 'status': 'Success'}, {'technicianId': 'JZ1942', 'loadType': 'SOFT', 'wrid': 91486769, 'status': 'Success'}, {'technicianId': 'JG9658', 'loadType': 'SOFT', 'wrid': 91399590, 'status': 'Success'}, {'technicianId': 'BB6851', 'loadType': 'SOFT', 'wrid': 91486831, 'status': 'Success'}, {'technicianId': 'JE7418', 'loadType': 'SOFT', 'wrid': 91505635, 'status': 'Success'}, {'technicianId': 'RS1413', 'loadType': 'SOFT', 'wrid': 91359786, 'status': 'Success'}, {'technicianId': 'BC1852', 'loadType': 'SOFT', 'wrid': 91303508, 'status': 'Success'}, {'technicianId': 'JG3750', 'loadType': 'SOFT', 'wrid': 91510511, 'status': 'Success'}, {'technicianId': 'WL1232', 'loadType': 'SOFT', 'wrid': 91378211, 'status': 'Success'}, {'technicianId': 'TH6952', 'loadType': 'SOFT', 'wrid': 91447986, 'status': 'Success'}, {'technicianId': 'JM6318', 'loadType': 'SOFT', 'wrid': 91409321, 'status': 'Success'}, {'technicianId': 'AO8154', 'loadType': 'SOFT', 'wrid': 91503225, 'status': 'Success'}, {'technicianId': 'RO2829', 'loadType': 'SOFT', 'wrid': 91447566, 'status': 'Success'}, {'technicianId': 'TY1853', 'loadType': 'SOFT', 'wrid': 91376033, 'status': 'Success'}, {'technicianId': 'JS3194', 'loadType': 'SOFT', 'wrid': 91516159, 'status': 'Success'}]"
CA_CNT_MONTEREY_E,2019-06-20,"[{'technicianId': 'CG364K', 'loadType': 'SOFT', 'wrid': 91458064, 'status': 'Success'}]"
CA_SAN_GABRIEL_T,2019-06-20,"[{'technicianId': 'WO5424', 'loadType': 'SOFT', 'wrid': 91434750, 'status': 'Success'}, {'technicianId': 'SB9356', 'loadType': 'SOFT', 'wrid': 91444239, 'status': 'Success'}, {'technicianId': 'DI2942', 'loadType': 'SOFT', 'wrid': 91269782, 'status': 'Success'}, {'technicianId': 'JA5424', 'loadType': 'SOFT', 'wrid': 91457589, 'status': 'Success'}]"
TX_SOUTHEAST_DLLS_T,2019-06-20,"[{'technicianId': 'HJ9343', 'loadType': 'SOFT', 'wrid': 102564215, 'status': 'Success'}, {'technicianId': 'BA2352', 'loadType': 'SOFT', 'wrid': 102523320, 'status': 'Success'}]"
IL_CHI_SOUTH_E,2019-06-20,[]
CA_NCNV_SAC_NORTH_E,2019-06-20,[]
CA_LANO_W_VALLEY_E,2019-06-20,"[{'technicianId': 'DM319F', 'loadType': 'SOFT', 'wrid': 91297806, 'status': 'Success'}]"
CA_LANO_HI_DESERT_E,2019-06-20,[]
CA_SBAY_SOUTH_BAY_E,2019-06-20,"[{'technicianId': 'RX3034', 'loadType': 'SOFT', 'wrid': 91494018, 'status': 'Success'}, {'technicianId': 'DU4819', 'loadType': 'SOFT', 'wrid': 91275495, 'status': 'Success'}, {'technicianId': 'IE5030', 'loadType': 'SOFT', 'wrid': 91293379, 'status': 'Success'}, {'technicianId': 'MT984W', 'loadType': 'SOFT', 'wrid': 91417067, 'status': 'Success'}]"
CA_LA_METRO_WEST_T,2019-06-20,"[{'technicianId': 'DS0292', 'loadType': 'SOFT', 'wrid': 91458087, 'status': 'Success'}]"
CA_WEST_BAY_T,2019-06-20,[]
TX_N_HOU_ALMDA_EST_E,2019-06-20,"[{'technicianId': 'KU642U', 'loadType': 'SOFT', 'wrid': 102528420, 'status': 'Success'}, {'technicianId': 'AS9135', 'loadType': 'SOFT', 'wrid': 102474863, 'status': 'Success'}]"
CA_E_SAN_FRNDO_VLY_T,2019-06-20,[]
CA_NCNV_MODESTO_E,2019-06-20,[]
TX_SOUTHWEST_HSTN_T,2019-06-20,"[{'technicianId': 'CB4264', 'loadType': 'SOFT', 'wrid': 102586296, 'status': 'Success'}, {'technicianId': 'DW0937', 'loadType': 'SOFT', 'wrid': 102545140, 'status': 'Success'}, {'technicianId': 'JD6939', 'loadType': 'SOFT', 'wrid': 102510824, 'status': 'Success'}]"
GA_ATL_SOUTHEAST_E,2019-06-20,[]
CA_SNDG_NORTH_E,2019-06-20,"[{'technicianId': 'AQ375P', 'loadType': 'SOFT', 'wrid': 91442141, 'status': 'Success'}]"
OH_CENTRAL_E,2019-06-20,[]
CA_NORTH_VALLEY_T,2019-06-20,[]
CA_CNT_BAKERSFLD_E,2019-06-20,[]
CA_NCNV_NV_NEVADA_E,2019-06-20,[]
CA_OR_SOUTH_OC_E,2019-06-20,"[{'technicianId': 'DV590S', 'loadType': 'SOFT', 'wrid': 91396066, 'status': 'Success'}, {'technicianId': 'AV389N', 'loadType': 'SOFT', 'wrid': 91111685, 'status': 'Success'}]"
TX_AUST_NORTHWEST_E,2019-06-20,"[{'technicianId': 'EP301D', 'loadType': 'SOFT', 'wrid': 102588104, 'status': 'Success'}]"
CA_INLAND_EMPIRE_T,2019-06-20,"[{'technicianId': 'RP2714', 'loadType': 'SOFT', 'wrid': 91436390, 'status': 'Success'}, {'technicianId': 'AC3262', 'loadType': 'SOFT', 'wrid': 91443029, 'status': 'Success'}, {'technicianId': 'FG7473', 'loadType': 'SOFT', 'wrid': 91437989, 'status': 'Success'}, {'technicianId': 'KY6761', 'loadType': 'SOFT', 'wrid': 91458549, 'status': 'Success'}, {'technicianId': 'DQ5473', 'loadType': 'SOFT', 'wrid': 91457587, 'status': 'Success'}, {'technicianId': 'LJ3161', 'loadType': 'SOFT', 'wrid': 91289153, 'status': 'Success'}, {'technicianId': 'ME2136', 'loadType': 'SOFT', 'wrid': 91446235, 'status': 'Success'}, {'technicianId': 'FB3785', 'loadType': 'SOFT', 'wrid': 91453833, 'status': 'Success'}, {'technicianId': 'TM4516', 'loadType': 'SOFT', 'wrid': 91335112, 'status': 'Success'}, {'technicianId': 'SP4517', 'loadType': 'SOFT', 'wrid': 91455742, 'status': 'Success'}, {'technicianId': 'WQ8789', 'loadType': 'SOFT', 'wrid': 91387717, 'status': 'Success'}, {'technicianId': 'AR8385', 'loadType': 'SOFT', 'wrid': 91451751, 'status': 'Success'}]"
NC_CHARLOTTE_GASTN_E,2019-06-20,[]
CA_SEQUOIA_T,2019-06-20,"[{'technicianId': 'LS1836', 'loadType': 'SOFT', 'wrid': 91456977, 'status': 'Success'}, {'technicianId': 'JA2476', 'loadType': 'SOFT', 'wrid': 91405436, 'status': 'Success'}, {'technicianId': 'CN873U', 'loadType': 'SOFT', 'wrid': 91144461, 'status': 'Success'}, {'technicianId': 'HM3412', 'loadType': 'SOFT', 'wrid': 91457755, 'status': 'Success'}]"
CA_NCNV_FOLSOM_E,2019-06-20,"[{'technicianId': 'MC378R', 'loadType': 'SOFT', 'wrid': 90972667, 'status': 'Success'}, {'technicianId': 'FR652A', 'loadType': 'SOFT', 'wrid': 86055479, 'status': 'Success'}, {'technicianId': 'AO9324', 'loadType': 'SOFT', 'wrid': 91448381, 'status': 'Success'}]"
MI_DETROIT_EAST_E,2019-06-20,"[{'technicianId': 'CD1005', 'loadType': 'SOFT', 'wrid': 107396429, 'status': 'Success'}]"
CA_REDWOOD_T,2019-06-20,"[{'technicianId': 'JW7563', 'loadType': 'SOFT', 'wrid': 91453429, 'status': 'Success'}, {'technicianId': 'XS6284', 'loadType': 'SOFT', 'wrid': 91245215, 'status': 'Success'}]"
FL_N_JKSNVILLE_NO_E,2019-06-20,[]
FL_S_DADE_EAST_E,2019-06-20,[]
FL_S_HOLLYWOOD_E,2019-06-20,[]
CA_W_SAN_FRNDO_VLY_T,2019-06-20,[]
FL_S_PALM_SOUTH_E,2019-06-20,[]
OK_OKCY_NORTH_E,2019-06-20,"[{'technicianId': 'BH843R', 'loadType': 'SOFT', 'wrid': 102487968, 'status': 'Success'}, {'technicianId': 'LW285F', 'loadType': 'SOFT', 'wrid': 102589972, 'status': 'Success'}, {'technicianId': 'JM304H', 'loadType': 'SOFT', 'wrid': 102508692, 'status': 'Success'}]"
CA_CONCORD_T,2019-06-20,"[{'technicianId': 'DD2479', 'loadType': 'SOFT', 'wrid': 91509852, 'status': 'Success'}]"
CA_SAN_FRANCISCO_T,2019-06-20,[]
GA_JONESBORO_E,2019-06-20,"[{'technicianId': 'AP685B', 'loadType': 'SOFT', 'wrid': 140107227, 'status': 'Success'}]"
CA_LANO_SANGABRIEL_E,2019-06-20,"[{'technicianId': 'JC938J', 'loadType': 'SOFT', 'wrid': 91486070, 'status': 'Success'}, {'technicianId': 'AW0720', 'loadType': 'SOFT', 'wrid': 91420494, 'status': 'Success'}]"
CA_SNDG_CENTRAL_E,2019-06-20,[]
CA_SBAY_SILICON_VY_E,2019-06-20,"[{'technicianId': 'GY246B', 'loadType': 'SOFT', 'wrid': 91206174, 'status': 'Success'}]"
CA_SNDG_SOUTHEAST_E,2019-06-20,"[{'technicianId': 'DA2710', 'loadType': 'SOFT', 'wrid': 91314570, 'status': 'Success'}, {'technicianId': 'JN528T', 'loadType': 'SOFT', 'wrid': 91442641, 'status': 'Success'}, {'technicianId': 'JB844N', 'loadType': 'SOFT', 'wrid': 91444209, 'status': 'Success'}, {'technicianId': 'SE8683', 'loadType': 'SOFT', 'wrid': 91217835, 'status': 'Success'}, {'technicianId': 'RW045A', 'loadType': 'SOFT', 'wrid': 91374598, 'status': 'Success'}, {'technicianId': 'RC376C', 'loadType': 'SOFT', 'wrid': 91263140, 'status': 'Success'}, {'technicianId': 'CG0604', 'loadType': 'SOFT', 'wrid': 91457300, 'status': 'Success'}]"
TX_N_HOU_PARKWEST_E,2019-06-20,"[{'technicianId': 'OJ896F', 'loadType': 'SOFT', 'wrid': 102452639, 'status': 'Success'}, {'technicianId': 'MM955W', 'loadType': 'SOFT', 'wrid': 102553487, 'status': 'Success'}, {'technicianId': 'LE9598', 'loadType': 'SOFT', 'wrid': 102574869, 'status': 'Success'}, {'technicianId': 'BC966P', 'loadType': 'SOFT', 'wrid': 102572712, 'status': 'Success'}, {'technicianId': 'RB0374', 'loadType': 'SOFT', 'wrid': 102557356, 'status': 'Success'}]"
IL_SUBURBAN_WEST_E,2019-06-20,"[{'technicianId': 'KC748X', 'loadType': 'SOFT', 'wrid': 107385119, 'status': 'Success'}]"
CA_SNDG_METRO_E,2019-06-20,"[{'technicianId': 'RC509G', 'loadType': 'SOFT', 'wrid': 91362852, 'status': 'Success'}, {'technicianId': 'JB056P', 'loadType': 'SOFT', 'wrid': 91453078, 'status': 'Success'}, {'technicianId': 'AS237F', 'loadType': 'SOFT', 'wrid': 91472215, 'status': 'Success'}]"
TX_N_HOU_SPRING_E,2019-06-20,"[{'technicianId': 'MM804V', 'loadType': 'SOFT', 'wrid': 102583193, 'status': 'Success'}, {'technicianId': 'CC041R', 'loadType': 'SOFT', 'wrid': 102559899, 'status': 'Success'}]"
CA_LASO_GARDENA_E,2019-06-20,"[{'technicianId': 'LB9296', 'loadType': 'SOFT', 'wrid': 91302601, 'status': 'Success'}, {'technicianId': 'JE1832', 'loadType': 'SOFT', 'wrid': 91458174, 'status': 'Success'}, {'technicianId': 'PM199G', 'loadType': 'SOFT', 'wrid': 91423396, 'status': 'Success'}, {'technicianId': 'LM067K', 'loadType': 'SOFT', 'wrid': 91457279, 'status': 'Success'}]"
CA_SBAY_DELTA_E,2019-06-20,"[{'technicianId': 'HA753U', 'loadType': 'SOFT', 'wrid': 91374476, 'status': 'Success'}]"
CA_SBAY_E_BAY_E,2019-06-20,"[{'technicianId': 'CJ1985', 'loadType': 'SOFT', 'wrid': 91453253, 'status': 'Success'}, {'technicianId': 'SL124J', 'loadType': 'SOFT', 'wrid': 91430402, 'status': 'Success'}, {'technicianId': 'DW766V', 'loadType': 'SOFT', 'wrid': 91471134, 'status': 'Success'}]"
CA_NCNV_NORTH_E,2019-06-20,[]
CA_LANO_LA_METRO_E,2019-06-20,"[{'technicianId': 'MH860N', 'loadType': 'SOFT', 'wrid': 91429805, 'status': 'Success'}]"
TX_SNAN_SOUTHEAST_E,2019-06-20,"[{'technicianId': 'CD8553', 'loadType': 'SOFT', 'wrid': 102554396, 'status': 'Success'}, {'technicianId': 'ML687T', 'loadType': 'SOFT', 'wrid': 102504286, 'status': 'Success'}]"
TX_N_HOU_CHARLES_E,2019-06-20,"[{'technicianId': 'LM533U', 'loadType': 'SOFT', 'wrid': 102573553, 'status': 'Success'}, {'technicianId': 'JR916R', 'loadType': 'SOFT', 'wrid': 102520111, 'status': 'Success'}, {'technicianId': 'DB5461', 'loadType': 'SOFT', 'wrid': 102481864, 'status': 'Success'}]"
NC_CHARLOT_LENOIR_E,2019-06-20,"[{'technicianId': 'CR4606', 'loadType': 'SOFT', 'wrid': 139334063, 'status': 'Error', 'message': 'The current job status <PENDING> is invalid for <UNLOCK> action; WRID = <139334063> xbfULBBWrLockUnlock xbfWorkItem.C 430.1.1.4 12749'}, {'technicianId': 'MW046C', 'loadType': 'SOFT', 'wrid': 140229538, 'status': 'Success'}]"
TX_N_HOU_AIRLINE_E,2019-06-20,"[{'technicianId': 'DS386H', 'loadType': 'SOFT', 'wrid': 102522320, 'status': 'Success'}, {'technicianId': 'AA538H', 'loadType': 'SOFT', 'wrid': 102555919, 'status': 'Success'}, {'technicianId': 'JP603S', 'loadType': 'SOFT', 'wrid': 102587509, 'status': 'Success'}, {'technicianId': 'CW4286', 'loadType': 'SOFT', 'wrid': 102362971, 'status': 'Success'}, {'technicianId': 'KM041F', 'loadType': 'SOFT', 'wrid': 102532606, 'status': 'Success'}]"
CA_SAN_JOSE_T,2019-06-20,[]
OH_DAYTON_T,2019-06-20,[]
MI_DETROIT_WEST_E,2019-06-20,[]
MO_STLS_NORTH_E,2019-06-20,"[{'technicianId': 'BG7888', 'loadType': 'SOFT', 'wrid': 102498743, 'status': 'Success'}, {'technicianId': 'SW4943', 'loadType': 'SOFT', 'wrid': 102033911, 'status': 'Success'}, {'technicianId': 'WP6651', 'loadType': 'SOFT', 'wrid': 102346813, 'status': 'Success'}, {'technicianId': 'RR521Y', 'loadType': 'SOFT', 'wrid': 102502894, 'status': 'Success'}]"
TX_N_HOU_PRSDO_WST_E,2019-06-20,"[{'technicianId': 'AV249Y', 'loadType': 'SOFT', 'wrid': 102555078, 'status': 'Success'}, {'technicianId': 'AF380Q', 'loadType': 'SOFT', 'wrid': 102551674, 'status': 'Success'}, {'technicianId': 'NR989B', 'loadType': 'SOFT', 'wrid': 102577041, 'status': 'Success'}]"
CA_SAC_METRO_T,2019-06-20,[]
TX_N_HOU_PRSDO_EST_E,2019-06-20,[]
CA_OR_ORANGE_E,2019-06-20,"[{'technicianId': 'LC291Y', 'loadType': 'SOFT', 'wrid': 91165838, 'status': 'Success'}]"
TX_FTWO_SOUTHEAST_E,2019-06-20,[]
CA_CNT_FRESNO_E,2019-06-20,[]
CA_SBAY_SAN_FRAN_E,2019-06-20,"[{'technicianId': 'RD442F', 'loadType': 'SOFT', 'wrid': 91500028, 'status': 'Success'}]"
GA_ATL_EAST_E,2019-06-20,"[{'technicianId': 'DE4373', 'loadType': 'SOFT', 'wrid': 139968799, 'status': 'Success'}]"
TX_DLLS_NORTHWEST_E,2019-06-20,"[{'technicianId': 'LW900M', 'loadType': 'SOFT', 'wrid': 102335608, 'status': 'Success'}, {'technicianId': 'DY0822', 'loadType': 'SOFT', 'wrid': 102494188, 'status': 'Success'}, {'technicianId': 'AS650R', 'loadType': 'SOFT', 'wrid': 102563970, 'status': 'Success'}]"
GA_ATL_CENTRAL_E,2019-06-20,"[{'technicianId': 'MS9807', 'loadType': 'SOFT', 'wrid': 140249539, 'status': 'Success'}, {'technicianId': 'BW457G', 'loadType': 'SOFT', 'wrid': 140016400, 'status': 'Success'}, {'technicianId': 'ME0632', 'loadType': 'SOFT', 'wrid': 140283930, 'status': 'Success'}]"
TX_DLLS_EAST_E,2019-06-20,"[{'technicianId': 'CC914G', 'loadType': 'SOFT', 'wrid': 102499212, 'status': 'Success'}, {'technicianId': 'EC753N', 'loadType': 'SOFT', 'wrid': 102384535, 'status': 'Success'}]"
GA_ATL_WEST_E,2019-06-20,[]
TX_SNAN_SOUTHWEST_E,2019-06-20,"[{'technicianId': 'JM024H', 'loadType': 'SOFT', 'wrid': 102518496, 'status': 'Success'}, {'technicianId': 'RD3950', 'loadType': 'SOFT', 'wrid': 102510893, 'status': 'Success'}, {'technicianId': 'JG9644', 'loadType': 'SOFT', 'wrid': 102591803, 'status': 'Success'}, {'technicianId': 'JM907J', 'loadType': 'SOFT', 'wrid': 102224394, 'status': 'Success'}, {'technicianId': 'DA0863', 'loadType': 'SOFT', 'wrid': 102514393, 'status': 'Success'}, {'technicianId': 'CV751S', 'loadType': 'SOFT', 'wrid': 102540336, 'status': 'Success'}]"
CA_SBAY_NCOAST_E,2019-06-20,"[{'technicianId': 'CB470G', 'loadType': 'SOFT', 'wrid': 91334421, 'status': 'Success'}, {'technicianId': 'AV967C', 'loadType': 'SOFT', 'wrid': 91403345, 'status': 'Success'}]"
CA_OAKLAND_T,2019-06-20,[]
CA_LA_METRO_EAST_T,2019-06-20,"[{'technicianId': 'JG1838', 'loadType': 'SOFT', 'wrid': 91515240, 'status': 'Success'}]"
CA_OR_FULLERTON_E,2019-06-20,[]
CA_NCNV_STKN_E,2019-06-20,"[{'technicianId': 'JM124P', 'loadType': 'SOFT', 'wrid': 91275609, 'status': 'Success'}]"
CA_LASO_BALDWN_HLS_E,2019-06-20,"[{'technicianId': 'CN866S', 'loadType': 'SOFT', 'wrid': 91472775, 'status': 'Success'}]"
TX_FTWO_MIDCITIES_E,2019-06-20,[]
CA_RV_IN_EMP_E,2019-06-20,[]
TN_MEMPHIS_SOUTH_E,2019-06-20,[]
CA_SBAY_NIMITZ_E,2019-06-20,[]
TX_FTWO_SOUTH_E,2019-06-20,[]
FL_S_DADE_WEST_E,2019-06-20,"[{'technicianId': 'OP7025', 'loadType': 'SOFT', 'wrid': 140185809, 'status': 'Success'}]"
NC_RALEIGH_CENTRAL_E,2019-06-20,[]
TX_FTWO_NORTH_E,2019-06-20,"[{'technicianId': 'CS211X', 'loadType': 'SOFT', 'wrid': 102463489, 'status': 'Success'}, {'technicianId': 'JM939R', 'loadType': 'SOFT', 'wrid': 102115930, 'status': 'Success'}]"
NC_GREENSBORO_E,2019-06-20,[]
MO_STLS_CENTRAL_E,2019-06-20,"[{'technicianId': 'BA8863', 'loadType': 'SOFT', 'wrid': 102388448, 'status': 'Success'}, {'technicianId': 'CK4378', 'loadType': 'SOFT', 'wrid': 102432800, 'status': 'Success'}]"
NC_RALEIGH_WEST_E,2019-06-20,"[{'technicianId': 'RC050P', 'loadType': 'SOFT', 'wrid': 140166612, 'status': 'Success'}]"
IL_CHI_SUBN_SOUTH_E,2019-06-20,[]
